,ticker,quarter_end,notice,revenue,gross_profit,operating_profit,net_income
0,A,07-2019,(Values in U.S. thousands),"1,274,000","692,000","225,000","$191,000"
1,AAL,06-2019,(Values in U.S. thousands),"11,960,000","3,435,000","1,153,000","$662,000"
2,AAON,06-2019,(Values in U.S. thousands),"119,437","30,175","16,688","$12,961"
3,AAP,06-2019,(Values in U.S. thousands),"2,332,246","1,009,438","170,772","$124,820"
4,AAPL,06-2019,(Values in U.S. thousands),"53,809,000","20,227,000","11,544,000","$10,044,000"
5,AATDF,nan,nan,nan,nan,nan,nan
6,ABBV,06-2019,(Values in U.S. thousands),"8,255,000","6,436,000","3,400,000","$741,000"
7,ABC,06-2019,(Values in U.S. thousands),"45,239,270","1,231,239","406,694","$301,959"
8,ABEV,06-2019,(Values in U.S. thousands),"3,099,429","1,833,306","905,501","$643,283"
9,ABMD,06-2019,(Values in U.S. thousands),"207,666","170,593","60,725","$88,923"
10,ABT,06-2019,(Values in U.S. thousands),"7,979,000","4,700,000","1,206,000","$1,006,000"
11,ACB,03-2019,(Values in U.S. thousands),"49,009","39,588","-58,391","$-119,130"
12,ACN,05-2019,(Values in U.S. thousands),"11,099,690","3,528,298","1,717,943","$1,249,516"
13,ADBE,05-2019,(Values in U.S. thousands),"2,744,280","2,336,792","749,547","$632,593"
14,ADI,07-2019,(Values in U.S. thousands),"1,480,143","997,811","446,726","$362,374"
15,ADM,06-2019,(Values in U.S. thousands),"16,297,000","972,000","370,000","$235,000"
16,ADP,06-2019,(Values in U.S. thousands),"3,498,700","1,478,200","623,400","$475,500"
17,ADS,06-2019,(Values in U.S. thousands),"1,348,500","693,700","337,300","$136,600"
18,ADSK,04-2019,(Values in U.S. thousands),"735,500","652,800","24,800","$-24,200"
19,AEE,06-2019,(Values in U.S. thousands),"1,379,000","652,800","280,000","$179,000"
20,AEG,06-2018,(Values in U.S. thousands),0,"652,800","280,000",$N/A
21,AEP,06-2019,(Values in U.S. thousands),"3,573,600","652,800","551,000","$461,300"
22,AES,06-2019,(Values in U.S. thousands),"2,483,000","652,800","118,000","$17,000"
23,AFL,06-2019,(Values in U.S. thousands),"5,511,000","652,800","118,000","$817,000"
24,AGESY,12-2018,(Values in U.S. thousands),"3,122,933","652,800","118,000","$171,023"
25,AGN,06-2019,(Values in U.S. thousands),"4,090,100","3,437,800","-1,262,900","$-1,759,000"
26,AIG,06-2019,(Values in U.S. thousands),"12,561,000","3,437,800","-1,262,900","$1,109,000"
27,AIV,06-2019,(Values in U.S. thousands),"224,200","3,437,800","40,104","$64,459"
28,AIZ,06-2019,(Values in U.S. thousands),"2,545,500","3,437,800","40,104","$144,100"
29,AJG,06-2019,(Values in U.S. thousands),"1,657,800","559,500","150,400","$110,100"
30,AKAM,06-2019,(Values in U.S. thousands),"705,074","462,881","135,782","$113,915"
31,ALB,06-2019,(Values in U.S. thousands),"885,052","325,914","185,737","$154,198"
32,ALE,06-2019,(Values in U.S. thousands),"290,400","186,000","36,200","$34,200"
33,ALGN,06-2019,(Values in U.S. thousands),"600,697","432,289","176,490","$147,142"
34,ALK,06-2019,(Values in U.S. thousands),"2,288,000","432,289","364,000","$262,000"
35,ALL,06-2019,(Values in U.S. thousands),"11,144,000","432,289","364,000","$851,000"
36,ALLE,06-2019,(Values in U.S. thousands),"731,200","320,700","145,700","$109,300"
37,ALO,06-2019,(Values in U.S. thousands),"28,457",147,"-1,860","$-3,830"
38,ALXN,06-2019,(Values in U.S. thousands),"1,203,300","1,104,100","532,600","$459,800"
39,AMAT,07-2019,(Values in U.S. thousands),"3,562,000","1,557,000","802,000","$571,000"
40,AMCR,06-2019,(Values in U.S. thousands),0,N/A,N/A,$N/A
41,AMCX,06-2019,(Values in U.S. thousands),"772,299","386,676","170,257","$128,743"
42,AMD,06-2019,(Values in U.S. thousands),"1,531,000","621,000","59,000","$35,000"
43,AME,06-2019,(Values in U.S. thousands),"1,289,412","451,259","295,410","$215,503"
44,AMG,06-2019,(Values in U.S. thousands),"591,900","451,259","199,000","$107,700"
45,AMGN,06-2019,(Values in U.S. thousands),"5,871,000","4,859,000","2,678,000","$2,179,000"
46,AMKR,06-2019,(Values in U.S. thousands),"895,305","123,454","22,510","$-9,450"
47,AMP,06-2019,(Values in U.S. thousands),"3,245,000","123,454","646,000","$492,000"
48,AMT,06-2019,(Values in U.S. thousands),"1,889,600","123,454","683,900","$429,100"
49,AMZN,06-2019,(Values in U.S. thousands),"63,404,000","27,067,000","3,084,000","$2,625,000"
50,ANET,06-2019,(Values in U.S. thousands),"608,321","390,191","206,837","$189,251"
51,ANSS,06-2019,(Values in U.S. thousands),"368,635","328,138","128,628","$109,750"
52,ANTM,06-2019,(Values in U.S. thousands),"25,466,000","5,000,000","1,637,000","$1,139,000"
53,AON,06-2019,(Values in U.S. thousands),"2,606,000","5,000,000","1,637,000","$277,000"
54,AOS,06-2019,(Values in U.S. thousands),"765,400","308,700","130,000","$102,100"
55,AOSL,06-2019,(Values in U.S. thousands),"111,856","27,636",-958,"$2,545"
56,APA,06-2019,(Values in U.S. thousands),"1,603,000","27,636","-152,000","$-360,000"
57,APD,06-2019,(Values in U.S. thousands),"2,224,000","758,000","569,700","$488,000"
58,APH,06-2019,(Values in U.S. thousands),"2,015,300","647,600","399,500","$288,400"
59,APHA,05-2019,(Values in U.S. thousands),"2,015,300","647,600","399,500",$N/A
60,APTV,06-2019,(Values in U.S. thousands),"3,627,000","669,000","335,000","$274,000"
61,ARCO,06-2019,(Values in U.S. thousands),"721,025","78,271","26,868","$10,977"
62,ARE,06-2019,(Values in U.S. thousands),"373,856","78,271","107,296","$78,767"
63,ARNC,06-2019,(Values in U.S. thousands),"3,691,000","752,000","-81,000","$-121,000"
64,ARR,06-2019,(Values in U.S. thousands),"128,360","752,000","118,785","$-183,250"
65,ATO,06-2019,(Values in U.S. thousands),"485,738","752,000","122,202","$80,466"
66,ATVI,06-2019,(Values in U.S. thousands),"1,396,000","963,000","336,000","$328,000"
67,AUO,06-2019,(Values in U.S. thousands),"2,259,000","64,000","-110,000","$-86,000"
68,AVA,06-2019,(Values in U.S. thousands),"300,812","64,000","39,768","$25,319"
69,AVB,06-2019,(Values in U.S. thousands),"577,263","64,000","147,544","$168,281"
70,AVGO,04-2019,(Values in U.S. thousands),"5,517,000","3,089,000","970,000","$691,000"
71,AVH,06-2019,(Values in U.S. thousands),"1,116,052","667,440","-321,468","$-408,028"
72,AVY,06-2019,(Values in U.S. thousands),"1,795,700","482,300","209,100","$143,400"
73,AWK,06-2019,(Values in U.S. thousands),"882,000","482,300","302,000","$170,000"
74,AWR,06-2019,(Values in U.S. thousands),"124,647","482,300","39,430","$26,784"
75,AXP,06-2019,(Values in U.S. thousands),"10,838,000","2,074,000","2,219,000","$1,761,000"
76,AZO,05-2019,(Values in U.S. thousands),"2,783,006","1,492,020","547,523","$405,949"
77,BA,06-2019,(Values in U.S. thousands),"15,751,000","-2,043,000","-3,380,000","$-2,942,000"
78,BAC,06-2019,(Values in U.S. thousands),"23,084,000","12,189,000","8,959,000","$7,348,000"
79,BAMXF,06-2019,(Values in U.S. thousands),"28,903,660","5,108,580","2,473,924","$1,634,296"
80,BAX,06-2019,(Values in U.S. thousands),"2,840,000","1,159,000","355,000","$343,000"
81,BBT,06-2019,(Values in U.S. thousands),"3,042,000","1,690,000","1,119,000","$886,000"
82,BBY,04-2019,(Values in U.S. thousands),"9,142,000","2,169,000","334,000","$265,000"
83,BCE,06-2019,(Values in U.S. thousands),"4,433,861","2,169,000","1,080,426","$597,412"
84,BCH,06-2019,(Values in U.S. thousands),0,N/A,0,$N/A
85,BCRH,06-2019,(Values in U.S. thousands),"5,300",N/A,0,"$1,000"
86,BDX,06-2019,(Values in U.S. thousands),"4,350,000","2,074,000","626,000","$451,000"
87,BEN,06-2019,(Values in U.S. thousands),"1,476,700","2,074,000","374,900","$245,900"
88,BF.B,07-2019,(Values in U.S. thousands),"766,000","498,000","248,000","$186,000"
89,BHGE,06-2019,(Values in U.S. thousands),"5,994,000","1,062,000","271,000","$-9,000"
90,BIIB,06-2019,(Values in U.S. thousands),"3,616,700","3,140,400","1,955,900","$1,494,100"
91,BK,06-2019,(Values in U.S. thousands),"3,924,000","802,000","1,285,000","$1,017,000"
92,BKCC,06-2019,(Values in U.S. thousands),"19,656","802,000","11,230","$-10,589"
93,BKE,04-2019,(Values in U.S. thousands),"201,313","76,653","18,734","$15,092"
94,BKEAY,06-2018,(Values in U.S. thousands),0,N/A,0,$N/A
95,BKNG,06-2019,(Values in U.S. thousands),"3,850,000","3,850,000","1,247,000","$979,000"
96,BLK,06-2019,(Values in U.S. thousands),"3,524,000","3,850,000","1,278,000","$1,003,000"
97,BLL,06-2019,(Values in U.S. thousands),"3,017,000","589,000","307,000","$197,000"
98,BLX,06-2019,(Values in U.S. thousands),"33,634","27,931","22,272","$22,272"
99,BMO,07-2019,(Values in U.S. thousands),"5,018,165","2,421,758","1,492,050","$1,172,110"
100,BMY,06-2019,(Values in U.S. thousands),"6,273,000","4,281,000","1,776,000","$1,432,000"
101,BNS,07-2019,(Values in U.S. thousands),"5,768,760","3,294,497","2,061,508","$1,403,965"
102,BP,06-2019,(Values in U.S. thousands),"73,747,000","12,302,000","4,016,000","$1,822,000"
103,BR,06-2019,(Values in U.S. thousands),"1,211,200","399,600","240,800","$183,300"
104,BRK-A,06-2019,(Values in U.S. thousands),"63,598,000","399,600","240,800","$14,073,000"
105,BRK.B,06-2019,(Values in U.S. thousands),"63,598,000","399,600","240,800","$14,073,000"
106,BRRAY,nan,nan,nan,nan,nan,nan
107,BSX,06-2019,(Values in U.S. thousands),"2,631,000","1,873,000","384,000","$154,000"
108,BTE,06-2019,(Values in U.S. thousands),"295,628","1,873,000","41,263","$58,938"
109,BTLCY,nan,nan,nan,nan,nan,nan
110,BWA,06-2019,(Values in U.S. thousands),"2,551,000","513,000","285,000","$172,000"
111,BXEFF,12-2018,(Values in U.S. thousands),"38,708","513,000","-7,485","$-68,950"
112,BXP,06-2019,(Values in U.S. thousands),"733,741","513,000","251,388","$166,943"
113,BYPLF,nan,nan,nan,nan,nan,nan
114,C,06-2019,(Values in U.S. thousands),"18,758,000","11,950,000","6,165,000","$4,799,000"
115,CACC,06-2019,(Values in U.S. thousands),"370,600","370,600","273,400","$164,400"
116,CAG,05-2019,(Values in U.S. thousands),"2,613,201","708,001","318,700","$126,500"
117,CAH,06-2019,(Values in U.S. thousands),"37,353,000","1,673,000","308,000","$194,000"
118,CAJ,06-2019,(Values in U.S. thousands),"8,243,408","3,698,304","392,456","$314,123"
119,CALM,05-2019,(Values in U.S. thousands),"280,573","12,755","-30,420","$-19,760"
120,CAT,06-2019,(Values in U.S. thousands),"14,432,000","4,491,000","2,213,000","$1,620,000"
121,CB,06-2019,(Values in U.S. thousands),"8,527,000","4,491,000","2,213,000","$1,150,000"
122,CBL,06-2019,(Values in U.S. thousands),"193,377","4,491,000","15,852","$-24,177"
123,CBOE,06-2019,(Values in U.S. thousands),"620,600","283,200","125,200","$88,100"
124,CBRE,06-2019,(Values in U.S. thousands),"5,714,073","1,268,283","284,417","$223,731"
125,CBS,06-2019,(Values in U.S. thousands),"3,809,000","1,300,000","695,000","$440,000"
126,CCI,06-2019,(Values in U.S. thousands),"1,478,000","975,000","419,000","$246,000"
127,CCL,05-2019,(Values in U.S. thousands),"4,838,000","1,679,000","515,000","$451,000"
128,CCLAY,nan,nan,nan,nan,nan,nan
129,CCM,06-2018,(Values in U.S. thousands),0,N/A,N/A,$N/A
130,CCU,06-2019,(Values in U.S. thousands),"566,043","266,633","42,329","$27,060"
131,CDNS,06-2019,(Values in U.S. thousands),"580,419","518,950","133,675","$107,235"
132,CE,06-2019,(Values in U.S. thousands),"1,592,000","423,000","186,000","$209,000"
133,CELG,06-2019,(Values in U.S. thousands),"4,400,000","4,249,000","2,111,000","$1,571,000"
134,CERN,06-2019,(Values in U.S. thousands),"1,431,061","1,162,388","131,117","$126,969"
135,CF,06-2019,(Values in U.S. thousands),"1,502,000","499,000","475,000","$283,000"
136,CFG,06-2019,(Values in U.S. thousands),"1,628,000","1,166,000","580,000","$453,000"
137,CGC,06-2019,(Values in U.S. thousands),"67,653","9,847","-161,500","$-959,340"
138,CHD,06-2019,(Values in U.S. thousands),"1,079,400","481,500","187,400","$138,500"
139,CHRW,06-2019,(Values in U.S. thousands),"3,908,840","695,216","227,535","$169,180"
140,CHT,06-2019,(Values in U.S. thousands),"1,613,478","695,216","331,789","$323,417"
141,CHTR,06-2019,(Values in U.S. thousands),"11,347,000","4,103,000","1,541,000","$314,000"
142,CI,06-2019,(Values in U.S. thousands),"38,819,000","4,103,000","1,541,000","$1,408,000"
143,CICOY,nan,nan,nan,nan,nan,nan
144,CINF,06-2019,(Values in U.S. thousands),"1,913,000","4,103,000","1,541,000","$428,000"
145,CIT,06-2019,(Values in U.S. thousands),"591,900","272,800","170,200","$137,600"
146,CL,06-2019,(Values in U.S. thousands),"3,866,000","2,308,000","888,000","$586,000"
147,CLNE,06-2019,(Values in U.S. thousands),"72,318","24,708","-5,813","$-5,383"
148,CLX,06-2019,(Values in U.S. thousands),"1,627,000","734,000","312,000","$241,000"
149,CM,07-2019,(Values in U.S. thousands),"3,562,250","2,028,043","1,333,209","$1,047,898"
150,CMA,06-2019,(Values in U.S. thousands),"853,000","603,000","385,000","$298,000"
151,CMCM,06-2019,(Values in U.S. thousands),"141,318","93,688","-8,114","$7,070"
152,CMCSA,06-2019,(Values in U.S. thousands),"26,858,000","10,517,000","5,356,000","$3,125,000"
153,CME,06-2019,(Values in U.S. thousands),"1,272,700","1,272,700","698,600","$513,800"
154,CMG,06-2019,(Values in U.S. thousands),"1,434,231","299,662","120,020","$91,028"
155,CMI,06-2019,(Values in U.S. thousands),"6,221,000","1,641,000","848,000","$675,000"
156,CMO,06-2019,(Values in U.S. thousands),"85,700","1,641,000","82,592","$-63,460"
157,CMS,06-2019,(Values in U.S. thousands),"1,445,000","1,641,000","218,000","$93,000"
158,CNC,06-2019,(Values in U.S. thousands),"18,356,000","2,281,000","643,000","$495,000"
159,CNP,06-2019,(Values in U.S. thousands),"2,798,000","2,281,000","287,000","$195,000"
160,CNQ,06-2019,(Values in U.S. thousands),"4,158,708","2,267,774","1,232,957","$2,116,739"
161,CNS,06-2019,(Values in U.S. thousands),"101,792","2,267,774","38,104","$31,333"
162,COF,06-2019,(Values in U.S. thousands),"7,124,000","5,746,000","2,003,000","$1,625,000"
163,COG,06-2019,(Values in U.S. thousands),"534,117","5,746,000","250,805","$181,009"
164,COO,07-2019,(Values in U.S. thousands),"679,400","450,700","142,200","$120,100"
165,COP,06-2019,(Values in U.S. thousands),"8,380,000","450,700","2,338,000","$1,580,000"
166,COST,05-2019,(Values in U.S. thousands),"34,740,000","4,507,000","1,122,000","$906,000"
167,COTY,06-2019,(Values in U.S. thousands),"2,115,400","1,315,900","-2,731,700","$-2,799,400"
168,CPB,04-2019,(Values in U.S. thousands),"2,178,000","723,000","266,000","$84,000"
169,CPRI,06-2019,(Values in U.S. thousands),"1,346,000","834,000","64,000","$45,000"
170,CPRT,04-2019,(Values in U.S. thousands),"553,116","251,579","207,494","$192,741"
171,CPSI,06-2019,(Values in U.S. thousands),"66,156","34,535","3,616","$1,663"
172,CRM,07-2019,(Values in U.S. thousands),"3,997,000","3,030,000","58,000","$91,000"
173,CRON,06-2019,(Values in U.S. thousands),"7,654","4,443","-15,212","$187,760"
174,CSCO,04-2019,(Values in U.S. thousands),"12,958,000","8,173,000","3,513,000","$3,044,000"
175,CSIOY,06-2019,(Values in U.S. thousands),"601,310","267,140","68,541","$44,617"
176,CSTE,06-2019,(Values in U.S. thousands),"141,071","39,763","10,603","$6,414"
177,CSX,06-2019,(Values in U.S. thousands),"3,061,000","2,269,000","1,305,000","$870,000"
178,CTAS,05-2019,(Values in U.S. thousands),"1,793,730","823,565","314,411","$226,119"
179,CTL,06-2019,(Values in U.S. thousands),"5,578,000","823,565","976,000","$371,000"
180,CTSH,06-2019,(Values in U.S. thousands),"4,141,000","1,512,000","619,000","$509,000"
181,CTST,03-2019,(Values in U.S. thousands),"12,679","25,350","13,144","$9,632"
182,CTVA,nan,nan,nan,nan,nan,nan
183,CTWS,06-2019,(Values in U.S. thousands),"30,664","25,350","10,099","$5,786"
184,CTXS,06-2019,(Values in U.S. thousands),"748,697","638,218","117,082","$93,495"
185,CVE,06-2019,(Values in U.S. thousands),"4,189,363","638,218","682,650","$1,333,897"
186,CVS,06-2019,(Values in U.S. thousands),"63,431,000","24,461,000","3,332,000","$1,936,000"
187,CVX,06-2019,(Values in U.S. thousands),"38,850,000","16,968,000","5,935,000","$4,305,000"
188,CXO,06-2019,(Values in U.S. thousands),"1,127,000","16,968,000","-405,000","$-97,000"
189,CYH,06-2019,(Values in U.S. thousands),"3,302,000","2,763,000","111,000","$-167,000"
190,CYOU,06-2019,(Values in U.S. thousands),"118,709","80,417","13,110","$16,274"
191,D,06-2019,(Values in U.S. thousands),"3,970,000","80,417","461,000","$54,000"
192,DAL,06-2019,(Values in U.S. thousands),"12,536,000","5,013,000","2,128,000","$1,443,000"
193,DB,06-2019,(Values in U.S. thousands),"6,971,048","4,080,120","-1,063,304","$-3,585,560"
194,DCOM,06-2019,(Values in U.S. thousands),"39,324","36,504","17,477","$13,035"
195,DD,06-2019,(Values in U.S. thousands),"5,468,000","1,972,000","-832,000","$-571,000"
196,DDS,04-2019,(Values in U.S. thousands),"1,497,935","570,168","106,526","$78,602"
197,DE,07-2019,(Values in U.S. thousands),"10,036,000","3,166,000","1,113,000","$899,000"
198,DF,06-2019,(Values in U.S. thousands),"1,843,498","379,480","-51,640","$-64,471"
199,DFIN,06-2019,(Values in U.S. thousands),"258,900","109,900","33,400","$17,300"
200,DFS,06-2019,(Values in U.S. thousands),"2,852,000","2,332,000","987,000","$753,000"
201,DG,07-2019,(Values in U.S. thousands),"6,981,753","2,148,936","577,775","$426,555"
202,DGX,06-2019,(Values in U.S. thousands),"1,953,000","688,000","307,000","$226,000"
203,DHI,06-2019,(Values in U.S. thousands),"4,906,300","1,074,700","594,700","$474,800"
204,DHR,06-2019,(Values in U.S. thousands),"5,156,600","2,877,400","883,800","$731,300"
205,DIIBF,06-2019,(Values in U.S. thousands),"669,982","137,409","20,439","$2,796"
206,DIS,06-2019,(Values in U.S. thousands),"20,245,000","7,426,000","2,553,000","$1,760,000"
207,DISCA,06-2019,(Values in U.S. thousands),"2,885,000","1,947,000","911,000","$947,000"
208,DISCK,06-2019,(Values in U.S. thousands),"2,885,000","1,947,000","911,000","$947,000"
209,DISH,06-2019,(Values in U.S. thousands),"3,211,312","1,021,270","430,732","$317,043"
210,DLR,06-2019,(Values in U.S. thousands),"800,797","1,021,270","148,972","$60,168"
211,DLTR,07-2019,(Values in U.S. thousands),"5,740,600","1,648,500","268,900","$180,300"
212,DO,06-2019,(Values in U.S. thousands),"216,706","-17,389","-111,500","$-113,988"
213,DOV,06-2019,(Values in U.S. thousands),"1,810,706","672,593","275,959","$198,085"
214,DOW,06-2019,(Values in U.S. thousands),"11,014,000","1,594,000","447,000","$75,000"
215,DRE,06-2019,(Values in U.S. thousands),"237,026","1,594,000","99,161","$71,053"
216,DRI,05-2019,(Values in U.S. thousands),"2,229,101","503,801","229,800","$208,000"
217,DTE,06-2019,(Values in U.S. thousands),"2,888,000","503,801","300,000","$182,000"
218,DTEGY,06-2019,(Values in U.S. thousands),"22,102,340","503,801","2,641,400","$1,061,056"
219,DUK,06-2019,(Values in U.S. thousands),"5,873,000","503,801","1,298,000","$832,000"
220,DVA,06-2019,(Values in U.S. thousands),"2,842,705","884,952","461,886","$273,551"
221,DVN,06-2019,(Values in U.S. thousands),"1,921,000","884,952","237,000","$495,000"
222,DXC,06-2019,(Values in U.S. thousands),"4,890,000","1,268,000","291,000","$163,000"
223,EA,06-2019,(Values in U.S. thousands),"1,209,000","1,022,000","415,000","$1,421,000"
224,EBAY,06-2019,(Values in U.S. thousands),"2,687,000","2,057,000","561,000","$402,000"
225,EC,06-2019,(Values in U.S. thousands),"5,492,700","2,128,500","1,787,400","$1,046,100"
226,ECA,06-2019,(Values in U.S. thousands),"2,055,000","1,161,000","548,000","$336,000"
227,ECL,06-2019,(Values in U.S. thousands),"3,759,400","1,551,200","498,600","$368,600"
228,ED,06-2019,(Values in U.S. thousands),"2,744,000","1,551,200","458,000","$152,000"
229,EDN,06-2019,(Values in U.S. thousands),"415,981","1,551,200","37,768","$243,600"
230,EFX,06-2019,(Values in U.S. thousands),"880,000","503,100","113,800","$66,800"
231,EIGI,06-2019,(Values in U.S. thousands),"278,204","138,617","16,655","$-26,228"
232,EIX,06-2019,(Values in U.S. thousands),"2,812,000","138,617","500,000","$422,000"
233,EL,06-2019,(Values in U.S. thousands),"3,590,000","2,755,000","216,000","$157,000"
234,ELP,06-2019,(Values in U.S. thousands),"935,491","2,755,000","175,169","$89,149"
235,EMN,06-2019,(Values in U.S. thousands),"2,363,000","589,000","371,000","$258,000"
236,EMR,06-2019,(Values in U.S. thousands),"4,684,000","2,001,000","875,000","$604,000"
237,ENB,06-2019,(Values in U.S. thousands),"9,916,745","3,605,410","1,708,495","$1,369,786"
238,ENQUF,nan,nan,nan,nan,nan,nan
239,ENT,06-2019,(Values in U.S. thousands),"157,467","33,250","-15,226","$-38,460"
240,EOG,06-2019,(Values in U.S. thousands),"4,697,630","33,250","1,130,771","$847,841"
241,EQIX,06-2019,(Values in U.S. thousands),"1,384,977","686,798","291,781","$143,527"
242,EQR,06-2019,(Values in U.S. thousands),"669,517","686,798","369,260","$308,968"
243,ES,06-2019,(Values in U.S. thousands),"1,884,495","686,798","150,988","$31,454"
244,ESALY,12-2018,(Values in U.S. thousands),0,N/A,N/A,$N/A
245,ESS,06-2019,(Values in U.S. thousands),"361,635",N/A,"124,560","$92,275"
246,ETFC,06-2019,(Values in U.S. thousands),"685,000","490,000","295,000","$219,000"
247,ETN,06-2019,(Values in U.S. thousands),"5,533,000","1,836,000","778,000","$636,000"
248,ETR,06-2019,(Values in U.S. thousands),"2,666,209","1,836,000","338,775","$240,533"
249,EVRG,06-2019,(Values in U.S. thousands),"1,221,700","1,836,000","271,700","$139,700"
250,EVRZF,nan,nan,nan,nan,nan,nan
251,EW,06-2019,(Values in U.S. thousands),"1,086,900","782,900","267,500","$242,300"
252,EXC,06-2019,(Values in U.S. thousands),"7,689,000","782,900","841,000","$484,000"
253,EXPD,06-2019,(Values in U.S. thousands),"2,035,579","661,695","192,201","$153,149"
254,EXPE,06-2019,(Values in U.S. thousands),"3,153,000","2,631,000","265,000","$183,000"
255,EXR,06-2019,(Values in U.S. thousands),"323,602","2,631,000","159,198","$104,828"
256,F,06-2019,(Values in U.S. thousands),"38,853,000","5,196,000","90,000","$148,000"
257,FANG,06-2019,(Values in U.S. thousands),"1,021,000","5,196,000","411,000","$349,000"
258,FANUY,12-2018,(Values in U.S. thousands),0,N/A,N/A,$N/A
259,FAST,06-2019,(Values in U.S. thousands),"1,368,400","641,200","275,000","$204,600"
260,FB,06-2019,(Values in U.S. thousands),"16,886,000","13,579,000","4,626,000","$2,616,000"
261,FBHS,06-2019,(Values in U.S. thousands),"1,507,200","537,600","202,400","$137,500"
262,FCX,06-2019,(Values in U.S. thousands),"3,546,000","192,000","33,000","$-72,000"
263,FDX,05-2019,(Values in U.S. thousands),"17,807,000","12,775,000","1,316,000","$-1,969,000"
264,FE,06-2019,(Values in U.S. thousands),"2,516,000","12,775,000","585,000","$312,000"
265,FFIV,06-2019,(Values in U.S. thousands),"563,394","472,627","102,740","$85,905"
266,FGP,04-2019,(Values in U.S. thousands),"479,625","226,916","64,794","$20,461"
267,FIS,06-2019,(Values in U.S. thousands),"2,112,000","708,000","391,000","$154,000"
268,FISV,06-2019,(Values in U.S. thousands),"1,512,000","727,000","384,000","$223,000"
269,FITB,06-2019,(Values in U.S. thousands),"1,905,000","1,245,000","577,000","$453,000"
270,FIZZ,04-2019,(Values in U.S. thousands),"239,915","84,579","33,755","$26,136"
271,FLIR,06-2019,(Values in U.S. thousands),"481,998","233,620","63,737","$46,118"
272,FLS,06-2019,(Values in U.S. thousands),"990,084","318,033","98,018","$58,172"
273,FLT,06-2019,(Values in U.S. thousands),"647,094","647,094","297,317","$261,651"
274,FMC,06-2019,(Values in U.S. thousands),"1,206,100","550,500","267,800","$174,500"
275,FOX,03-2019,(Values in U.S. thousands),"2,752,000","1,092,000","698,000","$529,000"
276,FOXA,06-2019,(Values in U.S. thousands),"2,513,000","1,155,000","640,000","$454,000"
277,FRC,06-2019,(Values in U.S. thousands),"819,376","674,026","269,322","$222,564"
278,FRT,06-2019,(Values in U.S. thousands),"230,465","674,026","109,579","$80,902"
279,FTI,06-2019,(Values in U.S. thousands),"3,434,200","313,600","313,600","$97,000"
280,FTNT,06-2019,(Values in U.S. thousands),"521,700","393,400","75,200","$72,700"
281,FTV,06-2019,(Values in U.S. thousands),"1,864,700","904,000","249,500","$174,600"
282,GD,06-2019,(Values in U.S. thousands),"9,555,000","1,686,000","1,090,000","$806,000"
283,GE,06-2019,(Values in U.S. thousands),"28,831,000","7,014,000","1,919,000","$127,000"
284,GEF,07-2019,(Values in U.S. thousands),"1,252,600","279,400","125,600","$62,700"
285,GFI,nan,nan,nan,nan,nan,nan
286,GGAL,06-2019,(Values in U.S. thousands),"681,013","70,338","295,898","$264,024"
287,GHL,06-2019,(Values in U.S. thousands),"56,084","70,338","-6,368","$-12,697"
288,GILD,06-2019,(Values in U.S. thousands),"5,685,000","4,685,000","2,430,000","$1,880,000"
289,GIS,05-2019,(Values in U.S. thousands),"4,161,699","1,461,300","716,100","$570,200"
290,GL,12-2003,(Values in U.S. thousands),"4,161,699","1,461,300","716,100",$-34
291,GLAD,06-2019,(Values in U.S. thousands),"12,886","1,461,300","6,213","$8,856"
292,GLAPY,nan,nan,nan,nan,nan,nan
293,GLP,06-2019,(Values in U.S. thousands),"3,507,540","167,143","37,875","$14,123"
294,GLW,06-2019,(Values in U.S. thousands),"2,940,000","1,065,000","374,000","$92,000"
295,GM,06-2019,(Values in U.S. thousands),"36,060,000","4,589,000","2,487,000","$2,418,000"
296,GOOG,06-2019,(Values in U.S. thousands),"38,944,000","21,648,000","9,180,000","$9,947,000"
297,GOOGL,06-2019,(Values in U.S. thousands),"38,944,000","21,648,000","9,180,000","$9,947,000"
298,GPC,06-2019,(Values in U.S. thousands),"4,934,260","1,598,581","309,552","$224,430"
299,GPN,06-2019,(Values in U.S. thousands),"935,152","632,876","221,726","$120,458"
300,GPS,07-2019,(Values in U.S. thousands),"4,005,000","1,556,000","282,000","$168,000"
301,GRMN,06-2019,(Values in U.S. thousands),"954,840","575,365","256,221","$223,656"
302,GS,06-2019,(Values in U.S. thousands),"9,461,000","575,365","3,127,000","$2,421,000"
303,GSH,06-2019,(Values in U.S. thousands),0,N/A,N/A,$N/A
304,GTX,06-2019,(Values in U.S. thousands),"802,000","182,000","107,000","$66,000"
305,GWW,06-2019,(Values in U.S. thousands),"2,893,000","1,121,000","380,000","$260,000"
306,HAL,06-2019,(Values in U.S. thousands),"5,930,000","1,121,000","303,000","$75,000"
307,HAS,06-2019,(Values in U.S. thousands),"984,537","640,843","128,333","$13,433"
308,HBAN,06-2019,(Values in U.S. thousands),"1,186,000","812,000","427,000","$364,000"
309,HBI,06-2019,(Values in U.S. thousands),"1,760,927","674,679","234,017","$153,972"
310,HCA,06-2019,(Values in U.S. thousands),"12,602,000","10,484,000","1,657,000","$783,000"
311,HCP,06-2019,(Values in U.S. thousands),"491,567","10,484,000","15,283","$-13,597"
312,HD,07-2019,(Values in U.S. thousands),"30,839,000","10,432,000","4,896,000","$3,479,000"
313,HE,06-2019,(Values in U.S. thousands),"715,485","10,432,000","72,634","$42,985"
314,HES,06-2019,(Values in U.S. thousands),"1,697,000","10,432,000","263,000","$-6,000"
315,HFC,06-2019,(Values in U.S. thousands),"4,782,615","1,077,731","331,741","$196,915"
316,HI,06-2019,(Values in U.S. thousands),"446,600","148,400","49,000","$30,400"
317,HIG,06-2019,(Values in U.S. thousands),"5,092,000","148,400","49,000","$372,000"
318,HII,06-2019,(Values in U.S. thousands),"2,188,000","354,000","175,000","$128,000"
319,HLT,06-2019,(Values in U.S. thousands),"2,484,000","2,150,000","478,000","$260,000"
320,HMSNF,nan,nan,nan,nan,nan,nan
321,HOG,06-2019,(Values in U.S. thousands),"1,632,619","600,680","256,257","$195,631"
322,HOLX,06-2019,(Values in U.S. thousands),"852,400","444,800","145,300","$93,900"
323,HON,06-2019,(Values in U.S. thousands),"9,243,000","3,149,000","1,762,000","$1,541,000"
324,HP,06-2019,(Values in U.S. thousands),"687,974","243,446","-167,874","$-154,683"
325,HPE,07-2019,(Values in U.S. thousands),"7,217,000","2,449,000","-76,000","$-27,000"
326,HPQ,07-2019,(Values in U.S. thousands),"14,603,000","2,905,000","1,079,000","$1,179,000"
327,HRB,07-2019,(Values in U.S. thousands),"150,362","-79,030","-195,166","$-150,247"
328,HRL,07-2019,(Values in U.S. thousands),"2,290,705","433,442","256,657","$199,449"
329,HRZN,03-2019,(Values in U.S. thousands),"8,306","433,442","7,597","$3,025"
330,HSBC,06-2019,(Values in U.S. thousands),0,N/A,0,$N/A
331,HSIC,06-2019,(Values in U.S. thousands),"2,447,827","767,431","162,288","$114,532"
332,HSNGY,nan,nan,nan,nan,nan,nan
333,HST,06-2019,(Values in U.S. thousands),"1,483,000","767,431","280,000","$286,000"
334,HSY,06-2019,(Values in U.S. thousands),"1,767,217","874,744","410,070","$312,840"
335,HUM,06-2019,(Values in U.S. thousands),"16,245,000","2,927,000","1,115,000","$940,000"
336,IBM,06-2019,(Values in U.S. thousands),"19,161,000","9,010,000","2,147,000","$2,498,000"
337,ICE,06-2019,(Values in U.S. thousands),"1,298,000","1,269,000","680,000","$472,000"
338,IDA,06-2019,(Values in U.S. thousands),"316,895","1,269,000","71,780","$53,156"
339,IDXX,06-2019,(Values in U.S. thousands),"620,103","357,853","164,275","$125,706"
340,IEP,06-2019,(Values in U.S. thousands),"2,196,000","357,853","-409,000","$-498,000"
341,IEX,06-2019,(Values in U.S. thousands),"642,099","292,337","155,283","$113,209"
342,IFF,06-2019,(Values in U.S. thousands),"1,291,568","546,239","199,937","$136,377"
343,ILMN,06-2019,(Values in U.S. thousands),"838,000","573,000","205,000","$296,000"
344,IMO,06-2019,(Values in U.S. thousands),"6,924,450","1,404,928","545,073","$906,212"
345,INCY,06-2019,(Values in U.S. thousands),"529,932","500,526","98,612","$105,318"
346,INFO,05-2019,(Values in U.S. thousands),"1,135,500","707,500","238,700","$149,800"
347,INTC,06-2019,(Values in U.S. thousands),"16,505,000","9,878,000","4,617,000","$4,179,000"
348,INTU,07-2019,(Values in U.S. thousands),"994,000","713,000","-153,000","$-44,000"
349,INVA,06-2019,(Values in U.S. thousands),"64,107","64,107","59,760","$37,740"
350,IP,06-2019,(Values in U.S. thousands),"5,667,000","1,766,000","659,000","$292,000"
351,IPG,06-2019,(Values in U.S. thousands),"2,520,200","357,400","264,200","$169,500"
352,IPGP,06-2019,(Values in U.S. thousands),"363,769","180,237","91,090","$72,272"
353,IQV,06-2019,(Values in U.S. thousands),"2,740,000","941,000","197,000","$60,000"
354,IR,06-2019,(Values in U.S. thousands),"4,527,800","1,433,700","650,500","$456,100"
355,IRM,06-2019,(Values in U.S. thousands),"1,066,907","601,805","193,115","$92,441"
356,IRS,03-2019,(Values in U.S. thousands),"438,057","601,805","90,079","$-74,941"
357,ISEE,06-2019,(Values in U.S. thousands),"438,057","601,805","90,079","$-14,443"
358,ISRG,06-2019,(Values in U.S. thousands),"1,098,900","759,000","359,000","$318,300"
359,IT,06-2019,(Values in U.S. thousands),"1,070,882","682,883","116,002","$103,406"
360,ITW,06-2019,(Values in U.S. thousands),"3,609,000","1,510,000","871,000","$623,000"
361,IVZ,06-2019,(Values in U.S. thousands),"1,439,400","1,510,000","18,300","$40,100"
362,JBHT,06-2019,(Values in U.S. thousands),"2,261,647","972,930","193,093","$133,633"
363,JCI,06-2019,(Values in U.S. thousands),"6,451,000","2,144,000","521,000","$4,192,000"
364,JCP,07-2019,(Values in U.S. thousands),"2,619,000","1,034,000","17,000","$-48,000"
365,JDWPY,nan,nan,nan,nan,nan,nan
366,JEC,06-2019,(Values in U.S. thousands),"3,169,622","626,134","89,954","$524,442"
367,JEF,05-2019,(Values in U.S. thousands),"1,101,657","1,021,242","221,696","$672,040"
368,JFEEF,12-2018,(Values in U.S. thousands),0,N/A,N/A,$N/A
369,JKHY,06-2019,(Values in U.S. thousands),"393,509","153,469","79,418","$60,993"
370,JNJ,06-2019,(Values in U.S. thousands),"20,562,000","13,622,000","7,041,000","$5,607,000"
371,JNPR,06-2019,(Values in U.S. thousands),"1,102,500","636,800","82,400","$46,200"
372,JPM,06-2019,(Values in U.S. thousands),"28,832,000","14,398,000","11,342,000","$9,652,000"
373,JWN,07-2019,(Values in U.S. thousands),"3,872,000","1,396,000","216,000","$141,000"
374,K,06-2019,(Values in U.S. thousands),"3,461,000","1,186,000","397,000","$286,000"
375,KB,06-2019,(Values in U.S. thousands),"2,609,241","2,067,391","1,222,925","$892,320"
376,KEY,06-2019,(Values in U.S. thousands),"1,603,000","981,000","510,000","$425,000"
377,KEYS,07-2019,(Values in U.S. thousands),"1,087,000","643,000","197,000","$159,000"
378,KGFHY,nan,nan,nan,nan,nan,nan
379,KHC,06-2019,(Values in U.S. thousands),"6,406,000","2,082,000","734,000","$449,000"
380,KIM,06-2019,(Values in U.S. thousands),"284,873","2,082,000","107,400","$101,027"
381,KKPNF,06-2018,(Values in U.S. thousands),"1,672,025","1,293,971","250,446","$153,845"
382,KLAC,06-2019,(Values in U.S. thousands),"1,258,435","665,650","268,900","$217,845"
383,KMB,06-2019,(Values in U.S. thousands),"4,594,000","1,486,000","670,000","$485,000"
384,KMI,06-2019,(Values in U.S. thousands),"3,214,000","1,486,000","973,000","$518,000"
385,KMX,05-2019,(Values in U.S. thousands),"5,366,318","742,383","368,682","$266,744"
386,KO,06-2019,(Values in U.S. thousands),"9,997,000","6,076,000","2,988,000","$2,607,000"
387,KR,04-2019,(Values in U.S. thousands),"37,251,000","8,268,000","901,000","$772,000"
388,KSS,07-2019,(Values in U.S. thousands),"4,430,000","1,880,000","376,000","$241,000"
389,KSU,06-2019,(Values in U.S. thousands),"714,000","1,880,000","208,000","$128,700"
390,KUBTY,06-2016,(Values in U.S. thousands),"3,634,133","1,066,636","447,590","$241,502"
391,KYOCY,06-2019,(Values in U.S. thousands),"3,502,927","1,001,209","205,924","$291,537"
392,L,06-2019,(Values in U.S. thousands),"3,623,000","1,001,209","205,924","$249,000"
393,LB,07-2019,(Values in U.S. thousands),"2,901,538","982,238","174,601","$37,596"
394,LDOS,06-2019,(Values in U.S. thousands),"2,728,000","380,000","210,000","$138,000"
395,LEG,06-2019,(Values in U.S. thousands),"1,213,200","269,700","134,500","$86,200"
396,LEN,05-2019,(Values in U.S. thousands),"5,562,890","675,723","599,610","$421,472"
397,LGRVF,03-2019,(Values in U.S. thousands),"1,760,490","913,524","324,725","$216,256"
398,LH,06-2019,(Values in U.S. thousands),"2,881,700","824,800","335,700","$190,400"
399,LHX,06-2019,(Values in U.S. thousands),0,N/A,N/A,$N/A
400,LIN,06-2019,(Values in U.S. thousands),"7,204,000","2,924,000","669,000","$522,000"
401,LKQ,06-2019,(Values in U.S. thousands),"3,248,173","1,247,187","236,111","$150,561"
402,LLY,06-2019,(Values in U.S. thousands),"5,636,700","4,511,800","1,498,300","$1,327,200"
403,LMT,06-2019,(Values in U.S. thousands),"14,427,000","1,993,000","2,008,000","$1,420,000"
404,LN,06-2019,(Values in U.S. thousands),"515,870","416,161","-126,708","$-148,376"
405,LNC,06-2019,(Values in U.S. thousands),"4,310,000","416,161","-126,708","$363,000"
406,LNT,06-2019,(Values in U.S. thousands),"790,200","416,161","149,800","$97,100"
407,LOW,07-2019,(Values in U.S. thousands),"20,992,000","6,740,000","2,381,000","$1,676,000"
408,LPL,06-2019,(Values in U.S. thousands),"4,818,069","433,513","-331,870","$-493,539"
409,LRCX,06-2019,(Values in U.S. thousands),"2,361,147","1,080,891","617,085","$541,825"
410,LSGOF,nan,nan,nan,nan,nan,nan
411,LTRPA,06-2019,(Values in U.S. thousands),"422,000","422,000","51,000","$3,000"
412,LUV,06-2019,(Values in U.S. thousands),"5,909,000","2,038,000","968,000","$741,000"
413,LW,05-2019,(Values in U.S. thousands),"1,003,400","250,500","148,000","$100,100"
414,LYB,06-2019,(Values in U.S. thousands),"9,048,000","1,506,000","1,177,000","$1,003,000"
415,M,07-2019,(Values in U.S. thousands),"5,722,000","2,327,000","155,000","$86,000"
416,MA,06-2019,(Values in U.S. thousands),"4,113,000","4,113,000","2,397,000","$2,048,000"
417,MAA,06-2019,(Values in U.S. thousands),"407,390","4,113,000","105,252","$61,917"
418,MAC,06-2019,(Values in U.S. thousands),"227,972","4,113,000","53,537","$15,734"
419,MAR,06-2019,(Values in U.S. thousands),"5,305,000","867,000","409,000","$232,000"
420,MAS,06-2019,(Values in U.S. thousands),"2,275,000","782,000","392,000","$240,000"
421,MAXR,06-2019,(Values in U.S. thousands),"490,000","204,000","208,000","$146,000"
422,MBNKF,nan,nan,nan,nan,nan,nan
423,MCD,06-2019,(Values in U.S. thousands),"5,341,300","2,829,500","2,273,900","$1,516,900"
424,MCHP,06-2019,(Values in U.S. thousands),"1,322,600","815,200","171,600","$50,700"
425,MCK,06-2019,(Values in U.S. thousands),"55,728,000","2,787,000","634,000","$423,000"
426,MCO,06-2019,(Values in U.S. thousands),"1,213,600","873,700","483,500","$310,300"
427,MCY,06-2019,(Values in U.S. thousands),"979,487","873,700","483,500","$83,250"
428,MDLZ,06-2019,(Values in U.S. thousands),"6,062,000","2,469,000","1,025,000","$807,000"
429,MDOMF,03-2019,(Values in U.S. thousands),"6,062,000","2,469,000","1,025,000",$N/A
430,MDT,07-2019,(Values in U.S. thousands),"7,493,000","5,127,000","1,485,000","$864,000"
431,MET,06-2019,(Values in U.S. thousands),"17,497,000","5,127,000","1,485,000","$1,741,000"
432,MGI,06-2019,(Values in U.S. thousands),"323,800","101,500","14,300","$-27,200"
433,MGM,06-2019,(Values in U.S. thousands),"3,223,243","1,318,423","371,485","$44,397"
434,MHK,06-2019,(Values in U.S. thousands),"2,584,485","736,618","266,860","$202,441"
435,MHVYF,12-2018,(Values in U.S. thousands),"9,142,214","1,818,341","642,714","$87,807"
436,MKC,05-2019,(Values in U.S. thousands),"1,301,900","508,500","208,100","$149,400"
437,MKTX,06-2019,(Values in U.S. thousands),"125,490","508,500","60,877","$48,105"
438,MLM,06-2019,(Values in U.S. thousands),"1,279,468","356,867","285,882","$189,475"
439,MMC,06-2019,(Values in U.S. thousands),"4,349,000","356,867","680,000","$332,000"
440,MMM,06-2019,(Values in U.S. thousands),"8,171,000","3,858,000","1,702,000","$1,127,000"
441,MN,06-2019,(Values in U.S. thousands),"34,294","3,858,000","2,475",$414
442,MNST,06-2019,(Values in U.S. thousands),"1,104,045","661,283","378,990","$292,473"
443,MO,06-2019,(Values in U.S. thousands),"6,619,000","3,319,000","2,717,000","$1,996,000"
444,MOS,06-2019,(Values in U.S. thousands),"2,176,900","227,200","-241,900","$-233,100"
445,MPC,06-2019,(Values in U.S. thousands),"33,547,000","227,200","2,042,000","$1,106,000"
446,MRK,06-2019,(Values in U.S. thousands),"11,760,000","8,359,000","3,458,000","$2,670,000"
447,MRO,06-2019,(Values in U.S. thousands),"1,381,000","8,359,000","255,000","$161,000"
448,MS,06-2019,(Values in U.S. thousands),"10,244,000","8,359,000","2,903,000","$2,201,000"
449,MSC,06-2019,(Values in U.S. thousands),"149,710","115,323","29,661","$-5,719"
450,MSCI,06-2019,(Values in U.S. thousands),"385,558","313,583","192,378","$125,690"
451,MSFT,06-2019,(Values in U.S. thousands),"33,717,000","23,305,000","12,405,000","$13,187,000"
452,MSI,06-2019,(Values in U.S. thousands),"1,860,000","931,000","349,000","$207,000"
453,MTB,06-2019,(Values in U.S. thousands),"1,553,576","1,041,481","625,544","$473,260"
454,MTD,06-2019,(Values in U.S. thousands),"731,366","419,538","165,415","$127,160"
455,MTL,06-2019,(Values in U.S. thousands),0,N/A,N/A,$N/A
456,MU,05-2019,(Values in U.S. thousands),"4,788,000","1,828,000","1,010,000","$840,000"
457,MURGY,09-2018,(Values in U.S. thousands),"15,090,680","1,828,000","1,010,000","$587,164"
458,MXIM,06-2019,(Values in U.S. thousands),"556,545","356,391","173,571","$367,558"
459,MYL,06-2019,(Values in U.S. thousands),"2,851,500","932,600","95,500","$-168,500"
460,NBL,06-2019,(Values in U.S. thousands),"1,093,000","932,600","32,000","$-10,000"
461,NCLH,06-2019,(Values in U.S. thousands),"1,664,277","705,853","308,681","$240,190"
462,NDAQ,06-2019,(Values in U.S. thousands),"1,061,000","705,853","256,000","$174,000"
463,NEE,06-2019,(Values in U.S. thousands),"4,970,000","705,853","1,747,000","$1,234,000"
464,NEM,06-2019,(Values in U.S. thousands),"2,257,000","891,000","12,000","$-25,000"
465,NEU,06-2019,(Values in U.S. thousands),"563,417","170,833","98,675","$74,174"
466,NFLX,06-2019,(Values in U.S. thousands),"4,923,116","1,917,459","706,419","$270,650"
467,NI,06-2019,(Values in U.S. thousands),"1,010,400","1,917,459","463,500","$296,900"
468,NILSY,nan,nan,nan,nan,nan,nan
469,NINOY,06-2019,(Values in U.S. thousands),"1,300,863","515,615","84,648","$74,611"
470,NKE,05-2019,(Values in U.S. thousands),"10,184,000","4,633,000","1,227,000","$989,000"
471,NKTR,06-2019,(Values in U.S. thousands),"23,315","18,297","-110,970","$-109,909"
472,NLNK,06-2019,(Values in U.S. thousands),151,151,"-10,724","$-10,134"
473,NLSN,06-2019,(Values in U.S. thousands),"1,628,000","929,000","249,000","$123,000"
474,NM,03-2019,(Values in U.S. thousands),"146,744","57,664","11,389","$-5,304"
475,NOC,06-2019,(Values in U.S. thousands),"8,456,000","1,730,000","946,000","$861,000"
476,NOV,06-2019,(Values in U.S. thousands),"2,132,000","62,000","-5,728,000","$-5,389,000"
477,NPCPF,nan,nan,nan,nan,nan,nan
478,NRG,06-2019,(Values in U.S. thousands),"2,465,000","62,000","320,000","$201,000"
479,NSC,06-2019,(Values in U.S. thousands),"2,925,000","2,061,000","1,065,000","$722,000"
480,NTAP,07-2019,(Values in U.S. thousands),"1,236,000","816,000","104,000","$103,000"
481,NTRS,06-2019,(Values in U.S. thousands),"1,506,600","417,400","506,900","$389,400"
482,NUE,06-2019,(Values in U.S. thousands),"5,895,986","775,494","566,514","$386,483"
483,NVDA,07-2019,(Values in U.S. thousands),"2,579,000","1,541,000","571,000","$552,000"
484,NWBI,06-2019,(Values in U.S. thousands),"115,966","92,603","33,787","$26,383"
485,NWE,06-2019,(Values in U.S. thousands),"270,719","92,603","48,823","$47,662"
486,NWL,06-2019,(Values in U.S. thousands),"2,116,500","746,600","178,100","$89,800"
487,NWS,06-2019,(Values in U.S. thousands),"2,466,000","1,068,000","104,000","$-51,000"
488,NWSA,06-2019,(Values in U.S. thousands),"2,466,000","1,068,000","104,000","$-51,000"
489,O,06-2019,(Values in U.S. thousands),"365,450","1,068,000","89,548","$95,194"
490,OBE,06-2019,(Values in U.S. thousands),"81,499","50,096","-111,407","$-121,127"
491,ODP,06-2019,(Values in U.S. thousands),"2,588,000","585,000","-15,000","$-24,000"
492,OGE,06-2019,(Values in U.S. thousands),"513,700","585,000","110,000","$100,200"
493,OGS,06-2019,(Values in U.S. thousands),"290,560","585,000","46,891","$24,470"
494,OKE,06-2019,(Values in U.S. thousands),"2,457,575","585,000","476,146","$311,963"
495,OMC,06-2019,(Values in U.S. thousands),"3,719,800","739,200","573,700","$370,700"
496,OMI,06-2019,(Values in U.S. thousands),"2,484,200","368,427","16,144","$-10,476"
497,ORCL,05-2019,(Values in U.S. thousands),"11,137,000","9,072,000","4,257,000","$3,740,000"
498,ORLY,06-2019,(Values in U.S. thousands),"2,589,874","1,368,287","498,074","$353,681"
499,OTTR,06-2019,(Values in U.S. thousands),"229,203","1,368,287","26,819","$15,426"
500,OXY,06-2019,(Values in U.S. thousands),"4,420,000","3,034,000","844,000","$635,000"
501,PAHC,06-2019,(Values in U.S. thousands),"203,883","65,303","12,099","$8,802"
502,PAYX,05-2019,(Values in U.S. thousands),"980,400","658,300","314,500","$230,400"
503,PBCT,06-2019,(Values in U.S. thousands),"454,400","348,100","168,400","$133,200"
504,PCAR,06-2019,(Values in U.S. thousands),"6,627,900","1,286,200","846,800","$619,700"
505,PEG,06-2019,(Values in U.S. thousands),"2,316,000","1,286,200","160,000","$153,000"
506,PEP,06-2019,(Values in U.S. thousands),"16,449,000","9,045,000","2,729,000","$2,035,000"
507,PETS,06-2019,(Values in U.S. thousands),"79,988","21,861","6,161","$5,343"
508,PFE,06-2019,(Values in U.S. thousands),"13,264,000","10,688,000","4,266,000","$5,046,000"
509,PFG,06-2019,(Values in U.S. thousands),"3,972,600","10,688,000","4,266,000","$386,300"
510,PG,06-2019,(Values in U.S. thousands),"17,094,000","8,156,000","-5,192,000","$-5,241,000"
511,PGR,06-2019,(Values in U.S. thousands),"9,450,700","8,156,000","-5,192,000","$979,400"
512,PH,06-2019,(Values in U.S. thousands),"3,681,468","941,889","550,396","$413,668"
513,PHI,06-2019,(Values in U.S. thousands),"818,016","941,889","217,978","$105,581"
514,PHM,06-2019,(Values in U.S. thousands),"2,488,985","941,889","320,776","$241,041"
515,PIR,05-2019,(Values in U.S. thousands),"314,324","78,820","-76,565","$-81,713"
516,PKG,06-2019,(Values in U.S. thousands),"1,759,900","427,900","280,400","$193,600"
517,PKI,06-2019,(Values in U.S. thousands),"722,517","347,793","91,735","$69,087"
518,PLD,06-2019,(Values in U.S. thousands),"790,372","347,793","442,056","$385,276"
519,PM,06-2019,(Values in U.S. thousands),"19,987,000","5,034,000","3,187,000","$2,319,000"
520,PMTS,06-2019,(Values in U.S. thousands),"66,901","22,381","10,096","$1,522"
521,PNC,06-2019,(Values in U.S. thousands),"4,439,000","2,498,000","1,648,000","$1,362,000"
522,PNM,06-2019,(Values in U.S. thousands),"330,228","2,498,000","-93,615","$-75,782"
523,PNR,06-2019,(Values in U.S. thousands),"799,500","286,700","133,800","$114,300"
524,PNW,06-2019,(Values in U.S. thousands),"869,501","286,700","196,589","$144,145"
525,POR,06-2019,(Values in U.S. thousands),"460,000","286,700","57,000","$25,000"
526,PPG,06-2019,(Values in U.S. thousands),"4,024,000","1,736,000","389,000","$272,000"
527,PPL,06-2019,(Values in U.S. thousands),"1,803,000","1,736,000","640,000","$441,000"
528,PRGO,06-2019,(Values in U.S. thousands),"1,149,000","430,800","55,000","$9,000"
529,PRU,06-2019,(Values in U.S. thousands),"15,388,000","430,800","55,000","$708,000"
530,PSA,06-2019,(Values in U.S. thousands),"710,950","430,800","361,091","$370,056"
531,PSEC,06-2019,(Values in U.S. thousands),"164,353","430,800","69,627","$38,886"
532,PSX,06-2019,(Values in U.S. thousands),"28,518,000","430,800","1,953,000","$1,424,000"
533,PTR,06-2019,(Values in U.S. thousands),0,N/A,N/A,$N/A
534,PUBGY,nan,nan,nan,nan,nan,nan
535,PVH,07-2019,(Values in U.S. thousands),"2,364,200","1,288,400","136,700","$193,500"
536,PWR,06-2019,(Values in U.S. thousands),"2,839,199","319,505","78,580","$27,344"
537,PXD,06-2019,(Values in U.S. thousands),"1,923,000","319,505","26,000","$-169,000"
538,PYPL,06-2019,(Values in U.S. thousands),"4,305,000","1,961,000","705,000","$823,000"
539,QCOM,06-2019,(Values in U.S. thousands),"9,635,000","7,521,000","5,317,000","$2,149,000"
540,QIWI,06-2019,(Values in U.S. thousands),"152,000","77,000","34,000","$27,000"
541,QRVO,06-2019,(Values in U.S. thousands),"775,598","294,289","55,226","$39,541"
542,RAD,05-2019,(Values in U.S. thousands),"5,372,589","1,126,723","-35,929","$-99,659"
543,RANJY,03-2019,(Values in U.S. thousands),"6,427,032","1,267,872","211,312","$149,492"
544,RBGLY,nan,nan,nan,nan,nan,nan
545,RCI,06-2019,(Values in U.S. thousands),"2,826,306","1,222,489","734,241","$441,891"
546,RCL,06-2019,(Values in U.S. thousands),"2,806,631","1,262,127","573,653","$472,830"
547,RDCM,06-2019,(Values in U.S. thousands),"8,546","6,392","-1,240",$-936
548,RDY,06-2019,(Values in U.S. thousands),"558,000","288,000","115,000","$96,000"
549,RE,06-2019,(Values in U.S. thousands),"2,018,975","288,000","115,000","$342,855"
550,RECN,05-2019,(Values in U.S. thousands),"182,144","72,956","13,872","$9,369"
551,REG,06-2019,(Values in U.S. thousands),"275,872","72,956","85,768","$51,728"
552,REGN,06-2019,(Values in U.S. thousands),"1,933,700","1,781,200","315,600","$193,100"
553,RF,06-2019,(Values in U.S. thousands),"1,436,000","942,000","483,000","$390,000"
554,RHI,06-2019,(Values in U.S. thousands),"1,516,385","637,541","159,061","$114,612"
555,RIBT,06-2019,(Values in U.S. thousands),"6,219",-244,"-3,666","$-3,659"
556,RJF,06-2019,(Values in U.S. thousands),"2,000,000",-244,"408,000","$259,000"
557,RL,06-2019,(Values in U.S. thousands),"1,428,800","920,800","143,300","$117,100"
558,RLGY,06-2019,(Values in U.S. thousands),"1,735,000","920,800","178,000","$69,000"
559,RMD,06-2019,(Values in U.S. thousands),"704,965","417,851","121,076","$68,800"
560,RNDB,06-2019,(Values in U.S. thousands),"10,344","4,489","1,625","$1,506"
561,RNSHF,nan,nan,nan,nan,nan,nan
562,ROK,06-2019,(Values in U.S. thousands),"1,665,100","730,300","321,400","$261,400"
563,ROL,06-2019,(Values in U.S. thousands),"523,957","270,624","88,606","$64,295"
564,ROP,06-2019,(Values in U.S. thousands),"1,330,300","850,000","368,400","$249,700"
565,ROST,07-2019,(Values in U.S. thousands),"3,979,869","1,136,019","544,049","$412,721"
566,RSG,06-2019,(Values in U.S. thousands),"2,605,300","988,300","437,400","$251,500"
567,RTN,06-2019,(Values in U.S. thousands),"7,159,000","1,954,000","1,176,000","$817,000"
568,RY,07-2019,(Values in U.S. thousands),"8,690,324","3,800,135","3,072,177","$2,456,386"
569,RYB,06-2019,(Values in U.S. thousands),"53,551","11,932","5,321","$2,943"
570,RYCEY,nan,nan,nan,nan,nan,nan
571,SAGKF,nan,nan,nan,nan,nan,nan
572,SAPMF,nan,nan,nan,nan,nan,nan
573,SBAC,06-2019,(Values in U.S. thousands),"500,147","375,699","136,452","$31,973"
574,SBH,06-2019,(Values in U.S. thousands),"975,169","482,222","120,131","$71,164"
575,SBS,03-2019,(Values in U.S. thousands),"1,029,743","482,222","303,110","$171,856"
576,SBUX,06-2019,(Values in U.S. thousands),"6,823,000","4,014,400","1,121,300","$1,372,800"
577,SCBFF,nan,nan,nan,nan,nan,nan
578,SCGLY,06-2019,(Values in U.S. thousands),0,N/A,0,$N/A
579,SCHN,05-2019,(Values in U.S. thousands),"547,396","72,798","24,459","$15,690"
580,SCHW,06-2019,(Values in U.S. thousands),"2,681,000","72,798","1,340,000","$937,000"
581,SCMWY,03-2019,(Values in U.S. thousands),"2,870,296","72,798","506,818","$386,386"
582,SEE,06-2019,(Values in U.S. thousands),"1,161,000","378,300","78,400","$33,200"
583,SFUN,06-2019,(Values in U.S. thousands),"67,563","59,309","29,022","$4,180"
584,SHI,06-2019,(Values in U.S. thousands),0,N/A,N/A,$N/A
585,SHLO,04-2019,(Values in U.S. thousands),"273,370","28,679","6,821","$1,112"
586,SHW,06-2019,(Values in U.S. thousands),"4,877,860","2,181,435","764,944","$471,003"
587,SID,06-2019,(Values in U.S. thousands),"1,761,069","627,402","281,744","$483,467"
588,SIVB,06-2019,(Values in U.S. thousands),"863,153","529,403","455,685","$317,987"
589,SJM,07-2019,(Values in U.S. thousands),"1,778,900","699,600","257,600","$154,600"
590,SJR,05-2019,(Values in U.S. thousands),"988,234","395,592","199,289","$169,433"
591,SKFRY,06-2019,(Values in U.S. thousands),"2,379,843","597,607","268,695","$159,905"
592,SLB,06-2019,(Values in U.S. thousands),"8,269,000","597,607","724,000","$492,000"
593,SLG,06-2019,(Values in U.S. thousands),"313,024","597,607","101,801","$167,569"
594,SMGZY,nan,nan,nan,nan,nan,nan
595,SNA,06-2019,(Values in U.S. thousands),"951,300","473,800","250,500","$180,400"
596,SNH,06-2019,(Values in U.S. thousands),"262,003","473,800","55,903","$-37,229"
597,SNPS,07-2019,(Values in U.S. thousands),"852,970","666,338","127,594","$99,929"
598,SNPTF,nan,nan,nan,nan,nan,nan
599,SO,06-2019,(Values in U.S. thousands),"5,098,000","666,338","1,342,000","$902,000"
600,SOCLF,nan,nan,nan,nan,nan,nan
601,SOGO,06-2019,(Values in U.S. thousands),"303,616","107,753","11,631","$21,330"
602,SPG,06-2019,(Values in U.S. thousands),"1,397,186","107,753","680,631","$496,158"
603,SPGI,06-2019,(Values in U.S. thousands),"1,704,000","1,252,000","813,000","$555,000"
604,SPKKY,nan,nan,nan,nan,nan,nan
605,SRE,06-2019,(Values in U.S. thousands),"2,230,000","1,252,000","429,000","$390,000"
606,SRLP,06-2019,(Values in U.S. thousands),"662,018","1,252,000","6,048","$-4,778"
607,SSTK,06-2019,(Values in U.S. thousands),"161,741","93,215","3,070","$3,299"
608,SSYS,06-2019,(Values in U.S. thousands),"163,163","81,167",805,"$1,152"
609,STI,06-2019,(Values in U.S. thousands),"2,560,000","1,535,000","795,000","$688,000"
610,STT,06-2019,(Values in U.S. thousands),"2,873,000","613,000","718,000","$587,000"
611,STX,06-2019,(Values in U.S. thousands),"2,371,000","624,000","332,000","$983,000"
612,STZ,05-2019,(Values in U.S. thousands),"2,097,200","1,028,700","622,700","$-245,400"
613,SU,06-2019,(Values in U.S. thousands),"7,550,274","5,093,332","1,542,505","$2,040,473"
614,SVCBY,06-2019,(Values in U.S. thousands),"554,168","356,054","99,958","$74,624"
615,SWK,06-2019,(Values in U.S. thousands),"3,761,300","1,299,800","464,000","$356,300"
616,SWKS,06-2019,(Values in U.S. thousands),"767,000","312,500","159,600","$144,100"
617,SYF,06-2019,(Values in U.S. thousands),"4,245,000","4,155,000","1,129,000","$853,000"
618,SYK,06-2019,(Values in U.S. thousands),"3,650,000","2,380,000","613,000","$480,000"
619,SYMC,06-2019,(Values in U.S. thousands),"1,247,000","975,000","157,000","$26,000"
620,SYY,06-2019,(Values in U.S. thousands),"15,474,860","2,979,193","720,530","$535,766"
621,T,06-2019,(Values in U.S. thousands),"44,957,000","2,979,193","7,500,000","$3,713,000"
622,TAP,06-2019,(Values in U.S. thousands),"2,948,300","1,188,500","468,700","$329,400"
623,TBAKF,01-2017,(Values in U.S. thousands),"2,948,300","1,188,500","468,700",$N/A
624,TBNK,06-2019,(Values in U.S. thousands),"15,935","14,662","6,475","$5,060"
625,TCS,06-2019,(Values in U.S. thousands),"209,520","119,807",-185,"$-4,099"
626,TD,07-2019,(Values in U.S. thousands),"7,907,847","4,537,277","2,830,526","$2,446,394"
627,TDG,06-2019,(Values in U.S. thousands),"1,658,319","761,474","445,028","$144,450"
628,TECD,07-2019,(Values in U.S. thousands),"9,092,244","561,650","124,747","$79,250"
629,TEDU,09-2018,(Values in U.S. thousands),"102,882","68,312","-8,918","$-12,669"
630,TEL,06-2019,(Values in U.S. thousands),"3,389,000","1,110,000","520,000","$757,000"
631,TFX,06-2019,(Values in U.S. thousands),"652,507","372,924","107,458","$83,375"
632,TGH,06-2019,(Values in U.S. thousands),"177,981","155,025","45,918",$314
633,TGS,06-2019,(Values in U.S. thousands),"230,991","128,409","107,888","$92,430"
634,TGT,07-2019,(Values in U.S. thousands),"18,422,000","5,797,000","1,324,000","$938,000"
635,TIF,07-2019,(Values in U.S. thousands),"1,048,500","657,700","184,300","$136,300"
636,TINLY,12-2018,(Values in U.S. thousands),0,N/A,N/A,$N/A
637,TJX,07-2019,(Values in U.S. thousands),"9,781,596","2,755,539","1,024,203","$758,962"
638,TLRY,06-2019,(Values in U.S. thousands),"45,904","12,273","-32,520","$-35,053"
639,TMNSF,nan,nan,nan,nan,nan,nan
640,TMO,06-2019,(Values in U.S. thousands),"6,316,000","2,823,000","1,496,000","$1,119,000"
641,TMUS,06-2019,(Values in U.S. thousands),"10,979,000","6,669,000","1,541,000","$939,000"
642,TOO,06-2019,(Values in U.S. thousands),"319,774","168,432","63,691","$-27,980"
643,TOT,06-2019,(Values in U.S. thousands),"45,202,000","14,812,000","4,035,000","$2,756,000"
644,TPR,06-2019,(Values in U.S. thousands),"1,513,700","999,200","169,900","$148,900"
645,TRIP,06-2019,(Values in U.S. thousands),"422,000","395,000","66,000","$34,000"
646,TRMK,06-2019,(Values in U.S. thousands),"157,363","107,724","48,670","$42,140"
647,TROW,06-2019,(Values in U.S. thousands),"1,395,200","107,724","615,100","$527,500"
648,TRV,06-2019,(Values in U.S. thousands),"7,834,000","107,724","615,100","$557,000"
649,TSCO,06-2019,(Values in U.S. thousands),"2,353,782","820,745","287,557","$219,210"
650,TSLA,06-2019,(Values in U.S. thousands),"6,349,676","921,046","-167,458","$-408,334"
651,TSN,06-2019,(Values in U.S. thousands),"10,885,000","1,336,000","781,000","$676,000"
652,TSS,06-2019,(Values in U.S. thousands),"1,035,485","404,665","219,087","$162,760"
653,TTWO,06-2019,(Values in U.S. thousands),"540,459","298,990","51,730","$46,280"
654,TU,06-2019,(Values in U.S. thousands),"2,682,000","298,990","553,298","$386,561"
655,TUP,06-2019,(Values in U.S. thousands),"475,300","320,700","68,800","$39,400"
656,TVFCF,03-2018,(Values in U.S. thousands),"475,300","320,700","68,800",$N/A
657,TWTR,06-2019,(Values in U.S. thousands),"841,381","563,416","75,686","$1,119,560"
658,TXN,06-2019,(Values in U.S. thousands),"3,668,000","2,360,000","1,506,000","$1,305,000"
659,TXT,06-2019,(Values in U.S. thousands),"3,227,000","586,000","294,000","$217,000"
660,UA,06-2019,(Values in U.S. thousands),"1,191,729","554,321","-11,482","$-17,349"
661,UAA,06-2019,(Values in U.S. thousands),"1,191,729","554,321","-11,482","$-17,349"
662,UAL,06-2019,(Values in U.S. thousands),"11,402,000","7,881,000","1,472,000","$1,052,000"
663,UDR,06-2019,(Values in U.S. thousands),"281,308","7,881,000","64,925","$35,619"
664,UHS,06-2019,(Values in U.S. thousands),"2,855,168","2,549,311","345,563","$238,320"
665,ULTA,07-2019,(Values in U.S. thousands),"1,666,607","605,899","208,018","$161,258"
666,UNH,06-2019,(Values in U.S. thousands),"60,595,000","13,813,000","4,744,000","$3,293,000"
667,UNIT,06-2019,(Values in U.S. thousands),"264,414","13,813,000","145,119","$38,717"
668,UNM,06-2019,(Values in U.S. thousands),"3,016,700","13,813,000","145,119","$281,200"
669,UNP,06-2019,(Values in U.S. thousands),"5,596,000","3,318,000","2,260,000","$1,570,000"
670,UPS,06-2019,(Values in U.S. thousands),"18,048,000","13,718,000","2,143,000","$1,685,000"
671,URI,06-2019,(Values in U.S. thousands),"2,290,000","911,000","529,000","$270,000"
672,USB,06-2019,(Values in U.S. thousands),"5,795,000","3,305,000","2,277,000","$1,821,000"
673,UTI,06-2019,(Values in U.S. thousands),"79,042","36,206",-455,$-365
674,UTL,06-2019,(Values in U.S. thousands),"84,400","36,206","12,300","$4,000"
675,UTX,06-2019,(Values in U.S. thousands),"19,634,000","5,221,000","2,584,000","$1,900,000"
676,V,06-2019,(Values in U.S. thousands),"5,840,000","5,840,000","3,908,000","$3,101,000"
677,VAR,06-2019,(Values in U.S. thousands),"825,800","351,400","53,900","$29,400"
678,VEDL,06-2019,(Values in U.S. thousands),"3,132,576","1,673,568","1,286,928","$194,544"
679,VFC,06-2019,(Values in U.S. thousands),"2,271,479","1,235,365","133,292","$49,221"
680,VIAB,06-2019,(Values in U.S. thousands),"3,357,000","1,640,000","757,000","$544,000"
681,VIOT,06-2019,(Values in U.S. thousands),"168,996","44,906","14,400","$12,873"
682,VIVO,06-2019,(Values in U.S. thousands),"48,440","28,259","6,464","$5,079"
683,VLEEY,nan,nan,nan,nan,nan,nan
684,VLO,06-2019,(Values in U.S. thousands),"28,933,000","28,259","908,000","$612,000"
685,VMC,06-2019,(Values in U.S. thousands),"1,327,682","370,502","276,074","$197,558"
686,VNO,06-2019,(Values in U.S. thousands),"463,103","370,502","-12,461","$2,412,727"
687,VRSK,06-2019,(Values in U.S. thousands),"652,600","409,900","218,300","$150,400"
688,VRSN,06-2019,(Values in U.S. thousands),"306,289","262,223","201,693","$147,534"
689,VRTX,06-2019,(Values in U.S. thousands),"941,293","805,553","269,960","$267,427"
690,VSI,06-2019,(Values in U.S. thousands),"270,876","90,268","-3,666","$-3,570"
691,VTR,06-2019,(Values in U.S. thousands),"950,717","90,268","245,035","$210,529"
692,VZ,06-2019,(Values in U.S. thousands),"32,071,000","90,268","7,850,000","$3,944,000"
693,WAB,06-2019,(Values in U.S. thousands),"2,236,284","614,676","200,637","$104,235"
694,WAT,06-2019,(Values in U.S. thousands),"599,162","349,616","177,654","$144,410"
695,WBA,05-2019,(Values in U.S. thousands),"34,591,000","7,453,000","1,203,000","$1,025,000"
696,WCG,06-2019,(Values in U.S. thousands),"7,010,100","828,100","242,100","$182,800"
697,WDC,06-2019,(Values in U.S. thousands),"3,634,000","465,000","-381,000","$-197,000"
698,WEC,06-2019,(Values in U.S. thousands),"1,590,200","465,000","314,600","$236,000"
699,WELL,06-2019,(Values in U.S. thousands),"1,320,106","465,000","315,558","$137,762"
700,WFC,06-2019,(Values in U.S. thousands),"21,584,000","12,095,000","7,632,000","$6,206,000"
701,WHR,06-2019,(Values in U.S. thousands),"5,186,000","932,000","191,000","$67,000"
702,WINMQ,03-2019,(Values in U.S. thousands),"1,320,600","932,000","-2,381,300","$-2,310,300"
703,WLTW,06-2019,(Values in U.S. thousands),"2,048,000","932,000","-2,381,300","$138,000"
704,WM,06-2019,(Values in U.S. thousands),"3,946,000","1,503,000","696,000","$381,000"
705,WMB,06-2019,(Values in U.S. thousands),"2,041,000","1,503,000","498,000","$310,000"
706,WMT,07-2019,(Values in U.S. thousands),"130,377,000","32,454,000","5,583,000","$3,610,000"
707,WOPEY,nan,nan,nan,nan,nan,nan
708,WPG,06-2019,(Values in U.S. thousands),"161,434","32,454,000","17,964","$-13,754"
709,WRK,06-2019,(Values in U.S. thousands),"4,690,000","988,900","421,400","$252,600"
710,WRLD,06-2019,(Values in U.S. thousands),"138,442","138,442","10,971","$8,608"
711,WTKWY,nan,nan,nan,nan,nan,nan
712,WU,06-2019,(Values in U.S. thousands),"1,340,500","564,100","258,900","$614,800"
713,WY,06-2019,(Values in U.S. thousands),"1,692,000","302,000","186,000","$128,000"
714,WYNN,06-2019,(Values in U.S. thousands),"1,658,332","641,603","218,716","$94,551"
715,XEC,06-2019,(Values in U.S. thousands),"546,463","641,603","149,057","$109,309"
716,XEL,06-2019,(Values in U.S. thousands),"2,577,000","641,603","410,000","$238,000"
717,XLNX,06-2019,(Values in U.S. thousands),"849,632","562,863","250,938","$241,459"
718,XOM,06-2019,(Values in U.S. thousands),"69,091,000","12,952,000","4,632,000","$3,130,000"
719,XRAY,06-2019,(Values in U.S. thousands),"1,009,400","540,800","67,500","$36,400"
720,XRF,09-2018,(Values in U.S. thousands),"17,637","540,800","-11,807","$-11,027"
721,XRX,06-2019,(Values in U.S. thousands),"2,289,000","897,000","286,000","$181,000"
722,XYL,06-2019,(Values in U.S. thousands),"1,345,000","897,000","171,000","$139,000"
723,YUM,06-2019,(Values in U.S. thousands),"1,310,000","1,024,000","471,000","$289,000"
724,Z,06-2019,(Values in U.S. thousands),"599,578","328,357","-62,538","$-71,977"
725,ZBH,06-2019,(Values in U.S. thousands),"1,988,600","1,407,300","204,700","$133,700"
726,ZION,06-2019,(Values in U.S. thousands),"701,000","569,000","256,000","$198,000"
727,ZTS,06-2019,(Values in U.S. thousands),"1,547,000","1,082,000","455,000","$371,000"
